day,0:00,0:15,0:30,0:45,1:00,1:15,1:30,1:45,2:00,2:15,2:30,2:45,3:00,3:15,3:30,3:45,4:00,4:15,4:30,4:45,5:00,5:15,5:30,5:45,6:00,6:15,6:30,6:45,7:00,7:15,7:30,7:45,8:00,8:15,8:30,8:45,9:00,9:15,9:30,9:45,10:00,10:15,10:30,10:45,11:00,11:15,11:30,11:45,12:00,12:15,12:30,12:45,13:00,13:15,13:30,13:45,14:00,14:15,14:30,14:45,15:00,15:15,15:30,15:45,16:00,16:15,16:30,16:45,17:00,17:15,17:30,17:45,18:00,18:15,18:30,18:45,19:00,19:15,19:30,19:45,20:00,20:15,20:30,20:45,21:00,21:15,21:30,21:45,22:00,22:15,22:30,22:45,23:00,23:15,23:30,23:45
1,71.28833333,92.169,71.40433333,75.743,71.35533333,69.86566667,83.583,92.77966667,69.96566667,75.183,69.789,71.456,107.8013333,82.88733333,51.013,98.83033333,62.241,2.386,11.34266667,3.561333333,10.356,44.11933333,83.32733333,66.96966667,102.0183333,32.38166667,88.149,33.00966667,60.11433333,100.089,159.893,185.461,172.276,26.93833333,47.399,39.966,7.8655,9.908,37.264,104.4973333,9.801333333,24.5025,1.531333333,62.81033333,46.35066667,75.01433333,37.861,15.31733333,1.704,1.724666667,14.03033333,45.412,72.891,30.417,128.8695,50.29066667,48.1235,26.755,24.094,51.675,34.95066667,103.693,136.3233333,155.9006667,44.047,12.32066667,16.18566667,5.659333333,2.824,12.532,0.836666667,0.180333333,4.001666667,10.04933333,0.036666667,36.736,37.09633333,170.039,114.6116667,64.16833333,0.169666667,1.448,6.678,3.018,0.815,2.647666667,7.489,2.913,3.115,14.79066667,69.721,38.60533333,23.112,55.21333333,10.75966667,137.6353333
2,71.277,94.358,71.395,73.672,71.60133333,70.253,86.277,88.80533333,70.941,75.419,69.793,71.456,104.8243333,86.207,56.38266667,99.37166667,51.238,1.347,10.229,6.424333333,10.30066667,37.363,77.41733333,67.477,100.6773333,30.277,83.75833333,33.46866667,61.37366667,84.676,149.531,180.3926667,175.6626667,26.359,47.05766667,67.248,7.558,11.62966667,37.35433333,112.216,3.148333333,21.65633333,2.2165,69.53766667,40.66933333,75.12133333,42.32533333,22.71366667,5.969,4.111,15.357,46.7705,65.392,29.084,131.756,45.727,45.137,30.909,23.092,32.87033333,40.69866667,104.312,135.2046667,154.7013333,31.55766667,12.31366667,19.92266667,3.170333333,2.848,12.359,0.420333333,0.177333333,2.488666667,8.5325,0.220666667,43.2215,39.091,157.0016667,127.114,47.17933333,1.180333333,0.752333333,6.203333333,2.756,0.792,3.55,6.849,2.881666667,3.856,12.31866667,65.857,37.00266667,23.33,51.764,11.42133333,141.733
3,71.212,93.2535,71.44766667,73.383,72.285,70.403,84.11533333,86.50566667,70.85466667,75.639,69.80766667,71.456,104.8363333,82.543,60.65033333,98.24166667,44.71033333,1.051,9.731,9.835666667,8.823666667,41.82966667,71.44833333,84.131,95.489,29.05133333,74.22033333,32.418,64.265,99,152.0586667,185.5166667,163.4933333,27.423,45.92466667,77.613,34,11.61933333,36.60533333,96.827,6.446,18.724,8.463333333,76.36466667,44.352,75.76133333,43.94,34.98666667,24.36966667,9.808,8.1885,48.487,56.65933333,33.43366667,90.3235,43.753,46.08633333,30.125,27.33566667,33.012,50.65033333,103.2943333,136.5913333,153.853,30.74966667,12.30066667,18.67233333,2.495666667,2.8845,12.15933333,0.344,0.208,5.894,7.743,0.697,51.21966667,42.649,155.989,123.6266667,57.045,0.590666667,0.158333333,6.614,3.214,0.792666667,3.869666667,5.545666667,2.867666667,5.417666667,11.996,65.026,33.88133333,22.063,55.976,13.87966667,135.009
4,70.8965,80.97066667,71.437,74.1495,70.70766667,70.2665,81.711,88.0215,72.18333333,75.79133333,69.81566667,71.456,99.25033333,78.55933333,60.19766667,96.58333333,41.739,0.699666667,7.233333333,9.299666667,7.012333333,33.17133333,64.091,94.87866667,91.55733333,32.855,67.69766667,28.93766667,63.49366667,68.76466667,161.556,180.264,143.296,26.61266667,44.806,88.69766667,7.2865,10.36166667,32.204,107.1033333,12.68633333,18.58566667,11.457,82.54766667,44.35766667,68.26,40.43333333,40.604,41.59733333,12.98333333,7.066333333,48.94,60.398,35.35233333,104.539,42.765,48.825,29.28533333,28.01866667,34.57766667,64.3145,97.91466667,130.5716667,159.9053333,39.80166667,13.40266667,16.782,3.079666667,2.931666667,14.001,0.259333333,0.234333333,6.908,7.686333333,0.878666667,56.476,40.10933333,154.873,122.1343333,60.416,0.198,0.053666667,6.104666667,2.989,0.765666667,5.098,3.860333333,2.881333333,5.9345,9.983333333,64.51066667,39.85533333,25.09966667,49.93166667,9.973333333,129.978
5,70.85533333,79.38433333,71.40233333,76.492,70.3155,69.98433333,81.11266667,82.79933333,72.60466667,75.83733333,69.788,71.456,99.38066667,79.866,60.177,89.00633333,44.862,0.649666667,5.715,12.75666667,6.777666667,28.045,69.14066667,90.33133333,90.28866667,34.862,61.37933333,30.29533333,67.23,60.69366667,164.1423333,181.0036667,137.4083333,23.46966667,46.40466667,110.2063333,15.1365,11.192,31.251,114.389,14.57533333,17.98833333,13.323,91.042,47.877,59.738,32.31566667,39.2335,41.52633333,13.8075,10.2255,54.182,60.41766667,30.157,105.044,37.52666667,56.20133333,27.25633333,23.9185,37.357,75.76966667,92.27433333,124.207,161.0786667,46.08833333,17.3805,14.25333333,3.203666667,3.700333333,12.52333333,0.524,0.27,3.395666667,5.982666667,0.631333333,61.526,35.71266667,134.2913333,121.851,41.26366667,0.055333333,0.062333333,5.760666667,1.972333333,0.762333333,4.628,3.1,2.882333333,5.926,6.584,63.543,42.084,23.60666667,42.33266667,16.033,123.3046667
6,71.028,78.5595,71.396,82.12433333,70.3655,69.957,81.3215,81.743,72.15933333,77.61933333,69.795,71.456,96.43733333,81.068,55.0235,79.472,33.04133333,0.629666667,5.484333333,17.5515,7.829333333,29.45533333,68.95333333,88.30666667,87.441,34.241,55.89,51.268,73.91566667,61.1955,172.157,183.604,136.9785,18.84366667,39.20266667,115.72,20.399,13.1645,34.593,108.9696667,16.66333333,15.94,18.95966667,100.9643333,44.825,55.3865,29.64566667,45.16766667,26.51666667,15.03166667,10.464,59.68166667,63.13866667,39.27566667,98.796,37.604,61.6925,26.07333333,26.9865,33.13633333,85.024,85.65133333,129.5023333,148.1843333,48.39833333,14.80533333,13.85933333,3.171,3.445,13.382,0.595,0.362333333,3.296,6.772666667,0.26,72.27733333,23.482,106.0186667,114.367,41.20366667,0.054333333,0.042333333,6.619666667,1.349,0.765,4.38,2.817,3.019333333,6.122333333,5.873666667,62.131,35.16433333,28.04833333,36.50933333,19.04766667,124.974
7,71.00166667,78.18733333,70.2685,81.415,70.88,69.8655,79.81666667,79.995,70.76966667,77.83333333,69.788,71.456,97.02266667,81.94066667,53.72766667,74.45666667,35.18666667,0.227,2.767666667,19.51066667,12.21833333,29.099,80.86833333,92.79066667,96.25533333,36.374,49.49833333,73.93733333,75.583,55.757,176.0646667,187.007,142.9353333,13.55566667,41.363,112.0373333,19.7635,14.03866667,39.80466667,105.2793333,21.185,12.68866667,37.70933333,100.6943333,46.26866667,56.204,31.14,41.323,12.94,13.64033333,10.069,75.817,71.64366667,72.56566667,97.588,37.70266667,59.66366667,27.96,32.913,30.9495,84.84566667,79.272,140.0666667,138.2905,46.714,15.25433333,15.40066667,3.492333333,3.3205,15.29033333,0.77,0.476666667,4.716,7.1395,0.127,84.86333333,17.684,112.413,115.3886667,43.42766667,0.155666667,0.023666667,7.329333333,1.017333333,0.749666667,5.004666667,2.800666667,2.962666667,7.0435,6.634,61.59633333,31.74633333,32.777,32.33366667,26.84,128.074
8,70.971,79.189,70.26566667,79.78166667,72.972,69.91533333,78.21566667,78.62666667,71.564,78.69666667,69.788,71.456,100.0763333,81.926,50.04633333,79.99466667,41.56466667,0.652666667,2.524666667,21.829,14.43366667,23.02033333,87.86333333,94.91533333,98.81266667,42.54166667,44.22766667,80.13533333,70.564,56.856,175.7125,184.581,137.873,11.702,44.16066667,104.263,20.72533333,15.38,43.63066667,107.0195,23.89566667,11.21866667,44.126,101.094,45.7215,60.03,25.0545,34.11,16.31533333,12.47266667,8.1835,80.267,76.75366667,100.673,89.439,37.464,61.1,33.01866667,36.38766667,26.936,89.01466667,81.95633333,144.6533333,133.9313333,37.45833333,16.391,17.941,4.034333333,2.911666667,15.382,0.563333333,1.797,5.456,5.947,0.053666667,88.43133333,16.18233333,146.5256667,111.469,44.59866667,0.254,0.347,6.970333333,1.035333333,0.763,4.914333333,2.849666667,2.877333333,8.161,8.797333333,61.716,29.1775,42.56333333,25.323,30.124,128.2573333
9,71.01633333,78.75833333,70.284,80.377,75.21066667,69.791,78.3895,77.94233333,72.04133333,79.38066667,69.79066667,71.456,101.7213333,80.77766667,48.51433333,79.06766667,36.07866667,1.214666667,3.535333333,18.51766667,16.133,16.42133333,87.602,91.394,93.67633333,45.37333333,42.19633333,70.31866667,69.266,57.021,173.502,176.987,116.3425,10.815,50.02733333,105.6323333,17.942,15.47,51.64133333,112.0126667,25.45133333,10.35033333,45.52166667,96.648,45.95,58.72633333,23.08866667,31.084,19.03433333,7.449333333,6.744,75.90066667,67.72233333,110.9396667,86.11833333,42.35266667,58.90766667,36.129,36.06666667,22.73466667,93.84566667,78.074,139.347,146.5706667,33.14066667,16.43066667,19.62366667,6.757,2.914666667,18.03233333,0.504666667,3.491666667,12.08266667,3.946,0.358666667,95.41233333,27.174,166.8346667,105.4513333,34.874,0.347,0.326333333,7.253,0.923666667,0.739666667,5.539333333,2.790333333,2.879333333,8.498666667,9.042666667,56.436,28.40933333,37.51733333,17.744,36.283,124.024
10,70.98966667,78.7175,70.9045,86.188,78.003,69.789,78.349,76.974,72.13933333,80.071,69.802,71.456,98.501,79.72366667,47.02166667,82.93666667,32.36033333,4.384333333,3.012666667,19.275,15.91433333,11.689,75.05,87.07966667,85.51466667,46.39033333,44.64666667,51.27,71.20233333,57.4225,174.0633333,169.791,119.7523333,10.24,59.09433333,103.376,9.875333333,16.396,52.891,102.9263333,28.96133333,5.781666667,40.41866667,96.565,49.3465,56.4305,17.52033333,26.01866667,21.583,7.288333333,4.255,72.67866667,68.54566667,112.709,83.407,51.26966667,55.19666667,44.39333333,36.71266667,19.111,93.65466667,77.23266667,132.7726667,144.2163333,26.02333333,17.65166667,22.9305,11.129,2.931333333,38.4335,0.422666667,3.905,15.05633333,4.140666667,0.335666667,93.656,24.947,146.9436667,103.3683333,29.29333333,0.372,0.330333333,7.663666667,0.875,0.766,6.596333333,2.762,3.5305,8.916,10.74266667,54.2765,25.214,35.51,13.413,35.18533333,123.2653333
11,71.05633333,79.734,74.13933333,91.29466667,80.69933333,69.8235,78.86433333,76.45233333,74.40333333,78.06366667,70.769,71.456,95.22266667,81.43166667,44.12066667,84.64366667,36.06433333,8.361,3.222,18.91666667,10.90733333,10.865,75.417,82.52266667,83.267,44.78766667,48.18166667,40.61166667,76.80266667,55.751,174.4276667,175.8156667,112.2466667,11.00666667,66.94566667,110.619,9.4045,16.7085,55.6195,92.28066667,32.49566667,3.514666667,44.61733333,95.57933333,49.32966667,56.683,19.684,21.2355,20.82966667,7.252333333,4.632,64.562,70.93366667,111.671,81.011,58.432,53.70333333,50.349,33.059,18.268,86.861,91.95133333,137.7096667,134.7886667,25.37566667,18.69466667,22.90266667,8.148333333,3.044666667,52.69066667,0.160666667,4.896,16.2035,4.177333333,0.238333333,95.18166667,24.96633333,116.0085,86.51733333,33.339,0.348,0.317,8.275333333,0.884666667,0.944,8.318666667,2.721666667,4.342666667,9.809,10.88233333,48.25633333,29.30633333,32.66833333,24.644,43.74866667,126.6083333
12,72.774,74.16033333,76.05433333,84.84666667,80.89266667,70.21566667,79.19533333,76.00833333,75.84533333,78.37566667,73.218,71.456,99.22166667,80.959,43.15733333,91.92133333,26.61566667,9.674666667,5.399,16.36533333,9.0765,10.592,100.07,83.277,78.80033333,46.35866667,46.643,37.37733333,77.959,49.141,173.3775,184.9896667,104.4473333,12.1695,64.06,115.685,10.14633333,15.18266667,61.074,84.11766667,35.63266667,2.346333333,48.72566667,94.382,44.57633333,67.19166667,22.81866667,14.3985,19.189,7.072666667,4.584666667,71.871,68.40566667,105.2323333,75.605,58.88933333,53.27,43.61866667,30.09,15.83566667,85.517,109.2523333,145.4006667,143.0073333,24.76533333,17.85033333,24.34933333,7.288,4.864666667,46.00866667,0.376,3.919333333,17.04366667,2.555333333,0.344333333,87.60433333,22.80833333,80.47733333,72.27666667,34.85966667,0.343,0.318,9.402333333,0.927333333,3.967,8.910666667,2.738,4.891,8.9125,13.23666667,43.635,31.74033333,17.53833333,22.67166667,43.82733333,122.8453333
13,78.68033333,74.973,74.30866667,81.4915,80.67166667,69.845,80.577,74.736,77.25133333,78.79633333,74.92366667,71.456,101.2603333,82.96,47.20433333,98.866,22.15166667,11.38633333,8.775666667,8.978666667,10.861,8.645333333,121.481,87.737,78.662,45.20466667,44.14866667,37.68233333,73.29,47.029,120,180.243,94.3645,13.58966667,61.06533333,98.905,13.09433333,15.50866667,64.9245,72.43833333,36.138,1.3765,50.42166667,92.43633333,38.10333333,75.55066667,25.33733333,9.236,17.89966667,6.448333333,6.764333333,77.23233333,73.69166667,111.805,72.6255,61.92833333,51.197,46.872,27.38466667,14.165,86.43166667,117.6,147.4986667,149.906,23.64466667,17.69966667,26.798,6.368666667,5.937,50.731,0.439666667,3.089666667,18.39766667,1.978,0.352666667,85.18433333,28.31133333,59.54333333,84.112,36.33233333,0.339333333,0.305,8.12,0.848333333,5.307,8.419333333,2.732666667,6.088,7.9185,15.103,42.3605,33.30566667,22.28566667,19.43033333,51.23933333,124.9376667
14,74.06533333,75.5065,73.462,80.053,82.56566667,69.8065,81.562,73.10666667,77.93633333,79.03333333,73.82966667,71.456,104.4293333,90.202,42.055,91.89666667,20.81866667,11.14066667,12.953,6.935666667,12.48866667,6.794,111.554,89.29,80.316,41.36266667,40.65033333,54.45433333,75.67,43.47666667,171.7895,178.405,96.92266667,20.73133333,59.58866667,77.42366667,20.64333333,13.153,69.2495,64.27633333,38.965,1.183,53.26066667,90.228,39.02633333,64.779,23.399,7.19,15.768,4.283666667,8.242333333,79.152,78.603,115.929,71.584,67.72,47.40133333,45.51266667,27.26366667,15.243,89.18066667,123.1986667,149.563,155.9256667,26.12266667,18.141,26.71533333,4.964,6.242333333,57.29966667,0.4375,3.599333333,27.08033333,1.2955,0.356,78.50366667,50.681,58.5,96.999,35.77433333,0.348333333,0.306666667,6.374333333,0.848,4.436666667,10.7,2.754,4.674333333,6.099666667,16.43466667,37.634,31.92666667,29.36166667,20.406,51.667,139.2226667
15,70.992,76.03566667,72.39833333,78.89233333,82.815,70.65633333,81.179,72.57266667,78.05466667,77.22833333,72.79933333,71.456,108.5936667,98.27566667,43.68966667,77.21933333,15.028,12.049,13.58366667,8.437333333,14.086,6.012,100.2083333,85.98533333,82.26466667,37.21766667,39.398,67.006,77.85566667,42.517,163.749,179.5726667,99.62033333,25.871,60.83,65.671,24.907,11.22766667,69.978,57.79733333,41.193,0.744,44.50566667,87.264,39.48433333,48.02033333,21.28066667,9.2225,9.751,2.807333333,7.7145,80.252,79.772,123.1513333,81,69.79966667,50.52866667,43.73933333,30.9035,18.69466667,86.545,119.8763333,153.0123333,155.5446667,23.74266667,18.61133333,24.91433333,3.866,5.903333333,56.00366667,0.232,3.579666667,31.8,0.932666667,0.694333333,60.86566667,82.026,68.59666667,81.97066667,31.85233333,0.349333333,0.332,6.951666667,0.938666667,4.644,13.57366667,2.738333333,5.132666667,5.266666667,22.08,34.974,29.01333333,55.46,22.66866667,51.44533333,144.8213333
16,70.826,75.158,71.095,75.68733333,83.21,70.91833333,80.38866667,73.09366667,77.344,76.75266667,73.45333333,71.456,105.2086667,100.6776667,65.30566667,65.38533333,11.71833333,13.88333333,11.67266667,8.584666667,18.53033333,7.159333333,99.402,91.23433333,82.33733333,30.675,43.718,67.606,68.63,46.901,171.3363333,169.092,87.36533333,33.249,61.03066667,58.24766667,40.481,11.16066667,68.23233333,52.90133333,36.23766667,0.5195,43.323,86.76033333,37.823,42.38366667,17.90033333,4.226,3.785,2.551666667,6.223,92.053,73.13,116.705,70.454,70.90833333,54.71066667,42.49133333,32.79366667,18.20733333,96.98766667,124.594,153.0933333,155.3203333,20.06366667,18.114,25.33733333,3.369,5.171,55.952,0.052,5.150333333,35.69833333,0.817,2.191666667,52.239,94.046,74.90433333,68.93033333,21.83566667,0.337,0.318666667,6.162333333,0.897333333,5.319666667,16.50466667,2.74,5.521666667,5.382,24.824,33.754,30.66333333,69.613,29.79666667,55.67133333,136.1123333
17,70.84633333,76.58066667,70.7085,77.499,80.654,70.78433333,80.46666667,72.86933333,77.14866667,76.38733333,71.96533333,71.456,101.9096667,101.6976667,79.39366667,53.90333333,8.218666667,12.66233333,10.871,7.167666667,20.86266667,13.897,111.3293333,93.507,84.10333333,28.15533333,46.35433333,61.225,71.922,53.5265,79.53666667,169.9803333,83.86966667,41.16366667,50.24233333,57.21166667,52.36233333,12.394,66.141,47.63433333,26.81033333,0.471666667,38.71866667,86.17366667,42.302,34.936,15.97266667,2.495,2.332,1.969333333,5.578333333,93.079,71.77833333,124.1096667,73.46666667,74.244,55.74733333,44.277,36.96533333,17.64066667,112.2456667,132.497,136.87,153.8093333,20.46,18.71366667,23.95433333,3.739,6.548,52.01,0.150666667,5.184,39.18066667,0.398,4.398,58.249,109.8936667,69.30866667,61.292,21.01333333,0.324333333,0.297,5.231666667,0.828333333,6.982666667,17.55366667,2.731,4.067666667,3.848,26.44266667,32.9185,30.751,64.44333333,39.802,56.36,117.0973333
18,71.15,76.69333333,70.668,76.086,79.2205,74.973,81.44933333,72.38666667,77.41866667,75.61466667,71.49333333,71.456,96.13833333,102.1943333,68.34266667,52.75066667,8.008,10.78733333,12.129,5.710666667,19.51266667,17.84966667,112.5746667,93.54866667,79.982,28.31933333,49.777,63.53933333,74.63633333,61.91266667,124.699,169.054,68.89833333,44.63733333,50.14733333,45.403,52.29033333,14.898,70.694,37.537,24.15733333,0.3715,37.755,91.39766667,49.469,31.55966667,14.07933333,3.3585,1.250666667,1.088,7.4005,88.12866667,77.18333333,129.6226667,76.223,75.562,57.88233333,52.34933333,42.724,20.141,115.998,140.002,143.5776667,140.5,18.33333333,20.46966667,11.902,5.162,6.954333333,43.7615,0.0195,5.412,34.933,0.101333333,3.5965,55.553,104.0426667,60.92166667,55.57733333,24.64466667,0.314666667,0.288,5.892666667,0.784333333,8.757666667,19.29233333,2.765333333,3.295,4.159,27.80066667,32.445,37.23366667,56.26666667,40.31933333,56.142,96.696
19,73.0755,77.427,71.19966667,71.917,75.8695,82.61966667,80.967,72.60466667,76.209,76.27633333,71.456,71.456,95.00866667,101.875,63.191,49.3145,8.048666667,13.141,13.957,3.434666667,20.174,21.829,118.7306667,101.0186667,79.43833333,30.05666667,44.20833333,60.78833333,68.48,70.577,143.9826667,165.7393333,59.05133333,46.022,52.25533333,38.561,38.25133333,16.792,67.068,29.6865,21.65533333,0.332,39.97533333,90.76366667,57.09566667,34.18066667,12.78233333,11.586,0.732666667,1.2665,9.420666667,92.42966667,74.73,133.865,82.09833333,76.98066667,55.17633333,55.841,42.14066667,18.042,102.222,146.858,148.5596667,120.01,15.06333333,22.124,13.26366667,5.675,7.564,40.237,0.354666667,5.029,29.84433333,0.057666667,2.573333333,58.71966667,125.8386667,62.5865,57.127,19.93033333,0.332333333,0.306,6.0985,0.801,9.476666667,20.231,2.935333333,3.049,4.495,24.06266667,33.3985,44.29566667,26.86466667,39.51833333,54.89066667,82.366
20,72.64533333,75.324,70.8205,71.269,74.6295,82.683,84.141,72.63266667,75.63466667,76.76533333,71.456,109.396,94.03966667,101.875,61.58533333,42.508,7.763666667,11.49766667,20.49766667,3.251666667,20.04933333,25.70366667,89.46666667,104.6606667,82.33666667,33.58466667,39.32533333,55.09566667,64.734,78.12,154.5555,172.9986667,59.514,42.728,44.02633333,35.2875,30.277,19.28766667,62.28533333,41.23166667,18.8805,0.262666667,43.56,87.58133333,55.522,31.566,12.41833333,14.24466667,2.27,1.925666667,12.055,85.583,80.92533333,135.7256667,84.91666667,76.768,47.2605,46.274,47.626,14.67566667,105.7576667,140.463,145.272,114.928,13.56333333,23.733,10.27866667,5.623,8.183,34.14633333,0.351333333,4.037333333,29.03166667,0.048666667,3.361333333,58.36833333,146.7586667,55.801,54.39266667,12.8,0.351666667,0.321666667,6.462333333,0.796,8.15,17.01833333,5.285,3.02,4.6085,23.14466667,39.03433333,43.81433333,10.819,45.11333333,58.651,81.35033333
21,71.781,74.64,70.613,71.66466667,74.69066667,89.14666667,88.536,74.40066667,74.92066667,76.53233333,71.456,109.1816667,90.191,101.875,58.52966667,44.969,9.318,9.614,21.49,2.522,23.91033333,26.62133333,62.168,105.784,79.053,37.14533333,38.259,46.59566667,63.02433333,81.93866667,130,166.356,60.796,46.825,40.09166667,27.441,25.27666667,21.13333333,58.131,55.33466667,19.89666667,0.337,45.40766667,90.96166667,68.12,30.68733333,9.056666667,24.73666667,3.760666667,3.106666667,12.14433333,78.174,91.944,140.428,83.2665,78.75266667,43.27733333,50.75,55.75533333,12.15866667,110.545,132.2823333,123.0606667,117.366,12.812,24.47633333,9.867333333,4.665666667,9.8415,28.101,0.336,5.135333333,24.88033333,0.057,2.487666667,56.581,147.4316667,40.96333333,63.39566667,10.021,0.444666667,0.342,6.586,0.801333333,6.222666667,17.57233333,3.983666667,3.118,4.708666667,23.48833333,41.068,39.56566667,24.24666667,46.23233333,64.33566667,89.29933333
22,71.75733333,73.3375,70.74633333,73.6715,75.30633333,94.97666667,89.2735,73.721,75.157,74.972,71.456,109.5566667,85.807,101.875,48.48666667,35.38166667,7.039,7.571333333,24.01833333,2.278333333,27.20633333,26.42066667,62.607,100.1656667,70.07766667,42.269,37.54633333,40.83433333,65.512,89.077,181.423,168.11,62.109,54.11166667,33.33366667,22.681,30.16666667,24.969,52.32866667,64.48866667,19.60533333,0.343333333,47.476,91.488,69.18433333,32.24266667,8.335333333,29.20566667,1.760666667,3.864666667,14.55133333,68.728,96.64766667,144.0776667,80.15933333,76.03266667,39.61933333,63.10266667,50.95,9.362,108.388,131.0836667,130.342,114.497,12.4995,26.21833333,6.911,3.214,11.77133333,25.06066667,0.337333333,8.178,17.392,0.027,3.015333333,71.37033333,139.95,22.443,57.235,5.417666667,1.004,0.332333333,5.554,0.806333333,5.076333333,16.544,3.439,3.081666667,6.033666667,17.47433333,41.665,38.785,31.095,43.027,64.94733333,40.94266667
23,72.182,73.44833333,72.17133333,72.06433333,73.453,103.5576667,88.12266667,73.435,75.05833333,72.77233333,71.456,108.6606667,84.695,101.875,46.241,23.60433333,9.384,5.319,24.51033333,1.61,22.869,28.88166667,68.95766667,96.712,67.31266667,46.62633333,35.86833333,41.65466667,82.658,113.6865,181.413,166.7666667,53.316,61.174,29.21666667,21.953,27.331,31.631,55.84266667,72.613,18.676,0.2975,49.40433333,92.4825,64.54333333,32.897,7.123333333,21.627,0.573666667,6.810666667,19.092,59.62833333,105.3896667,142.862,78.18166667,73.478,34.42133333,59.061,38.54266667,8.187333333,104.3443333,132.817,99.666,121.4976667,12.789,28.87333333,4.825333333,3.774333333,13.252,18.85833333,0.0185,10.94166667,16.40233333,0.021666667,5.604,82.31333333,145.466,18.01266667,55.488,2.771,3.079333333,0.338666667,5.953333333,0.762666667,3.828333333,15.33266667,3.011333333,2.882666667,6.779666667,14.97,46.34366667,42.69533333,16.36366667,46.25733333,69.95366667,20.556
24,73.005,72.99,72.008,71.07733333,71.152,94.58533333,86.814,73.16366667,74.62466667,71.45933333,71.456,108.4726667,81.782,97.73733333,47.20133333,29.745,12.711,4.690333333,19.37366667,1.086666667,20.76233333,30.56366667,71.59566667,95.718,69.38633333,48.97,40.47566667,47.84466667,96.436,128.178,167.648,165.579,43.90433333,65.66833333,36.67666667,27,24.22166667,38.03666667,65.6905,72.51266667,19.01866667,30,47.31666667,90.88366667,59.746,37.42166667,7.687666667,20.4215,0.237333333,10.42533333,22.23666667,61.82866667,116.6946667,143.1773333,75.16233333,73.36233333,34.879,51.79566667,39.30033333,6.823333333,96.70966667,128.406,111.1315,107.669,12.65933333,32.00433333,4.315666667,4.298333333,16.74133333,13.55733333,0.119333333,11.997,15.38766667,0.359333333,7.445666667,74.08766667,157.917,15.00233333,41.89666667,1.347,5.650333333,0.359666667,4.6445,0.787,2.495,13.57633333,3.785,3.146333333,8.024666667,17.88733333,43.12666667,37.6035,9.63,46.67066667,69.51866667,25.655
25,73.727,71.954,71.5465,70.313,70.2595,83.36166667,88.76366667,73.53,74.52833333,70.32633333,71.456,105.667,82.213,90.41066667,53.645,43.10033333,13.13033333,4.522333333,12.789,1.074333333,19.07066667,40.08833333,68.19866667,99.843,68.907,56.245,45.86633333,52.85966667,104.5173333,129.361,172.177,166.0833333,37.95933333,71.149,26.171,9.027,19.363,43.26633333,53.058,69.45966667,20.67633333,0.357,53.81333333,89.79233333,63.32366667,39.54133333,7.517333333,27.38533333,0.297333333,12.217,24.838,67.641,124.4563333,141.9516667,69.488,73.58466667,33.88266667,44.35133333,39.033,5.686,101.288,133.0086667,144.023,111.8746667,13.69266667,30.743,4.543666667,4.138,19.039,11.12,0.123666667,9.021,12.71766667,0.353666667,10.29133333,62.582,155.8463333,28.57866667,28.33266667,0.429333333,5.669,0.495,4.667666667,0.799,2.438,11.27933333,6.745666667,3.410666667,12.672,25.556,37.2545,37.967,13.219,41.38133333,88.83833333,20.63666667
26,77.92733333,71.66,71.081,70.3405,70.05066667,77.163,87.63566667,71.91,74.282,70.07666667,71.456,107.7026667,82.184,94.356,59.903,41.35233333,12.835,7.048333333,8.282333333,2.311333333,20.71833333,42.09566667,60.71266667,105.183,58.211,65.665,44.855,52.72533333,114.2023333,140.1865,175.4733333,164.5266667,31.7805,72.109,24.06733333,8.594,17.01966667,49.9905,57.3595,69.76166667,23.83833333,0.303,58.443,91.126,66.61633333,46.96433333,5.631666667,27.73333333,0.179333333,13.44666667,31.019,71.89766667,125.8146667,140.935,63.514,82.44766667,33.335,38.27833333,36.436,4.515,102.348,137.404,157.8153333,106.2546667,14.358,32.70666667,5.948,3.678666667,19.202,8.881,0.312,7.462,11.13366667,0.347666667,8.36,72.96566667,145.372,53.22233333,36.30733333,0.134,4.857,0.762333333,5.192,0.806666667,3.016666667,9.696,7.894,4.645333333,10.009,35.23533333,36.081,42.02933333,14.532,26.663,107.789,17.825
27,76.4005,71.522,72.35333333,70.35633333,69.977,71.8375,87.841,70.85433333,72.9775,69.847,71.456,108.5313333,81.60833333,100.3176667,64.34033333,37.96133333,9.329333333,7.833666667,6.692333333,5.677666667,20.56133333,46.04233333,62.34666667,107.9446667,48.11366667,73.83366667,42.53633333,56.64366667,116.8543333,146.1995,181.7155,166.4956667,30.528,77.55966667,23.564,17,13.26533333,48.26,51.765,66.24066667,23.899,0.056333333,63.955,89.76333333,78.20766667,42.78,5.850666667,21.89366667,0.155,15.73,36.29733333,70.53866667,113.2016667,142.925,64.065,82.9685,31.662,33.46433333,38.043,4.699,109.2796667,144.7163333,148.9493333,98.42533333,13.80633333,29.25866667,5.501666667,3.453,18.86833333,7.577333333,0.294333333,5.316,10.08566667,0.352,11.16866667,81.82166667,139.2663333,81.107,44.75566667,0.079333333,4.970333333,4.269,4.031,0.802,2.496666667,8.5,6.618,5.367333333,11.28666667,39.27833333,36.62566667,38.11233333,13.69566667,13.448,107.816,36.58866667
28,77.352,71.45066667,72.404,70.34833333,70.016,78,89.433,70.323,72.75,69.799,71.456,109.918,81.173,67.87833333,74.03966667,41.19233333,6.179666667,6.753666667,4.187666667,7.429333333,23.19733333,66.44666667,65.724,103.2673333,43.97133333,78.96433333,40.18866667,62.43866667,117.9406667,149.123,186.381,169.523,29.7355,79.754,22.776,7.871,10.957,44.045,48.473,59.62633333,22.663,0.148,66.49333333,88.95533333,82.381,41.04166667,6.732333333,15.707,0.070333333,14.46433333,39.9615,71.17633333,91.45466667,137.47,64.28233333,76.1185,33.11566667,27.679,28.75766667,6.54,116.2366667,146.3846667,157.1073333,98.81766667,13.137,23.52666667,5.707666667,3.143,17.64366667,6.893,0.277666667,6.467,10.84033333,0.014,16.54,76.409,157.7073333,93.58166667,42.30833333,0.068,3.795333333,8.674666667,2.748,0.799666667,3.629666667,7.380333333,3.734666667,3.875333333,11.61,47.043,38.871,36.07233333,16.094,9.086,113.3773333,87.25033333
29,82.7795,71.42966667,72.283,70.566,70.528,73,88.04766667,70.05666667,73.76133333,69.80966667,71.456,111.1396667,79.97266667,50.21366667,82.19733333,49.651,3.747333333,9.899333333,2.388,10.24133333,25.80833333,78.34966667,65.79333333,101.7035,44.07333333,91.263,38.688,61.973,118.075,159.1026667,186.7776667,169.423,30.916,76.85533333,23.51233333,8.0165,8.612666667,42.342,54.50133333,58.49533333,24.43566667,0.1245,66.60533333,87.936,86,40.3875,10.16266667,11.62233333,0.092,12.006,40.788,84.367,81.98333333,134.4325,60.01366667,63.25566667,30.264,27.94333333,37.22333333,17.47933333,118.1583333,143.7873333,161.2916667,87.83033333,12.595,20.89633333,6.339,2.962333333,18.17233333,6.4795,0.251333333,6.278,11.92366667,0.019,19.43366667,66.89233333,163.61,102.8363333,40.84433333,0.031666667,3.2735,10.455,2.268666667,0.791333333,4.249666667,6.925,3.482333333,3.217333333,12.46966667,47.688,40.95,28.093,20.784,11.11033333,118.7946667,73.27433333
30,85.89966667,71.416,74.7345,70.755,71.04433333,76.44666667,86.73633333,69.89133333,75.317,69.89966667,71.456,112.4213333,83.20033333,46.49733333,92.403,56.622,3.377333333,8.703,1.03,9.25,40.907,77.03566667,64.45033333,101.5023333,44.872,93.86333333,39.23066667,56.72933333,89,159.222,182.8445,160.7473333,31.323,66.73666667,23.126,8.057,8.051,38.84333333,67.668,53.39466667,29.31133333,0.267333333,66.357,79.40633333,81.59766667,40.674,11.379,9.469,0.096333333,12.4365,42.6155,85.986,85.34,132.5636667,53.60666667,58.664,28.943,23.27166667,46.55033333,31.53466667,108.1873333,137.215,158.7603333,80.95633333,12.376,17.59633333,10.27966667,2.906,16.235,5.973333333,0.207333333,5.246666667,10.75766667,0.035333333,19.871,56.36766667,165.9226667,107.4923333,44.122,0.046666667,2.419666667,8.823,3.149666667,0.786,2.933333333,7.373,3.069333333,3.077,11.84366667,54.36733333,38.74366667,22.932,29.59233333,10.812,134.0126667,47.977
31,94.07033333,71.40366667,76.562,70.833,70.41966667,79.585,90.60333333,70.039,75.38666667,69.82866667,71.456,112.092,82.186,44.605,97.23666667,59.48966667,2.305666667,10.32933333,0.250333333,9.216333333,44.564,80.443,70.34833333,104.021,36.21366667,88.921,36.089,57.092,108.2753333,159.1195,187.778,167.4533333,28.952,52.48266667,23.04733333,8.238,8.485,35.447,91.6925,24.278,26.67733333,0.802333333,60.99266667,60.814,76.842,39.33566667,9.241666667,3.977,0.206666667,11.93833333,39.755,79.93966667,55.326,128.6255,50.93366667,55.68833333,27.6995,20.9605,51.45033333,34.12566667,104.6623333,135.8773333,160.027,71.29066667,12.38066667,16.44066667,8.068,2.881,13.559,5.626333333,0.185,6.500333333,11.11366667,0.020666667,27.25633333,40.60966667,175.148,109.398,60.92233333,0.029666667,2.396,8.236,3.408666667,0.808333333,3.136333333,8.209666667,2.962333333,2.977666667,15.32466667,67.65733333,37.854,39,43.907,10.103,137.9036667,120
